{
  "id": "367b8308-ff21-450c-87ab-41e7953b67ca",
  "filename": "mini.csv",
  "status": "ok",
  "progress": 100,
  "current_step": "Reporte",
  "steps": [
    {
      "name": "Subir archivo",
      "status": "ok"
    },
    {
      "name": "Perfilado",
      "status": "ok"
    },
    {
      "name": "Limpieza",
      "status": "pending"
    },
    {
      "name": "Dashboard",
      "status": "pending"
    },
    {
      "name": "Reporte",
      "status": "pending"
    }
  ],
  "metrics": {
    "rows": 2,
    "cols": 4
  },
  "artifacts": {
    "reporte_perfilado.html": "runs\\367b8308-ff21-450c-87ab-41e7953b67ca\\artifacts\\reporte_perfilado.html"
  },
  "updated_at": "2025-10-10T11:53:46.385144Z"
}