{
  "id": "8d27d1e4-e078-4eff-8fce-7d02e31d1f9c",
  "filename": "mini.ods",
  "status": "ok",
  "progress": 100,
  "current_step": "Reporte",
  "steps": [
    {
      "name": "Subir archivo",
      "status": "ok"
    },
    {
      "name": "Perfilado",
      "status": "ok"
    },
    {
      "name": "Limpieza",
      "status": "pending"
    },
    {
      "name": "Dashboard",
      "status": "pending"
    },
    {
      "name": "Reporte",
      "status": "pending"
    }
  ],
  "metrics": {
    "rows": 0,
    "cols": 0,
    "inferred_types": {}
  },
  "artifacts": {
    "reporte_perfilado.html": "runs\\8d27d1e4-e078-4eff-8fce-7d02e31d1f9c\\artifacts\\reporte_perfilado.html"
  },
  "updated_at": "2025-10-18T23:30:51.712189Z"
}