{
  "id": "ec8953cd-7d03-4422-8cbe-519ca87f95b9",
  "filename": "mini.csv",
  "status": "ok",
  "progress": 100,
  "current_step": "Reporte",
  "steps": [
    {
      "name": "Subir archivo",
      "status": "ok"
    },
    {
      "name": "Perfilado",
      "status": "ok"
    },
    {
      "name": "Limpieza",
      "status": "pending"
    },
    {
      "name": "Dashboard",
      "status": "pending"
    },
    {
      "name": "Reporte",
      "status": "pending"
    }
  ],
  "metrics": {
    "rows": 2,
    "cols": 4
  },
  "artifacts": {
    "reporte_perfilado.html": "runs\\ec8953cd-7d03-4422-8cbe-519ca87f95b9\\artifacts\\reporte_perfilado.html"
  },
  "updated_at": "2025-10-10T10:32:36.151790Z"
}