{
  "id": "6ddf1724-5895-4f07-b222-50769dd1b354",
  "filename": "mini.csv",
  "status": "ok",
  "progress": 100,
  "current_step": "Reporte",
  "steps": [
    {
      "name": "Subir archivo",
      "status": "ok"
    },
    {
      "name": "Perfilado",
      "status": "ok"
    },
    {
      "name": "Limpieza",
      "status": "pending"
    },
    {
      "name": "Dashboard",
      "status": "pending"
    },
    {
      "name": "Reporte",
      "status": "pending"
    }
  ],
  "metrics": {
    "rows": 2,
    "cols": 4
  },
  "artifacts": {
    "reporte_perfilado.html": "runs\\6ddf1724-5895-4f07-b222-50769dd1b354\\artifacts\\reporte_perfilado.html"
  },
  "updated_at": "2025-10-10T12:02:03.262974Z"
}