{
  "id": "0e333f3a-11de-4278-ba29-545fcf56c520",
  "filename": "mini.csv",
  "status": "ok",
  "progress": 100,
  "current_step": "Reporte",
  "steps": [
    {
      "name": "Subir archivo",
      "status": "ok"
    },
    {
      "name": "Perfilado",
      "status": "ok"
    },
    {
      "name": "Limpieza",
      "status": "pending"
    },
    {
      "name": "Dashboard",
      "status": "pending"
    },
    {
      "name": "Reporte",
      "status": "pending"
    }
  ],
  "metrics": {
    "rows": 2,
    "cols": 4
  },
  "artifacts": {
    "reporte_perfilado.html": "runs\\0e333f3a-11de-4278-ba29-545fcf56c520\\artifacts\\reporte_perfilado.html"
  },
  "updated_at": "2025-10-10T11:52:23.553964Z"
}