{
  "id": "560589f7-68c0-4942-9d0b-61e2a621f026",
  "filename": "qa_dataset.csv",
  "status": "completed",
  "progress": 100,
  "current_step": "Reporte",
  "steps": [
    {
      "name": "Subir archivo",
      "status": "ok"
    },
    {
      "name": "Perfilado",
      "status": "ok"
    },
    {
      "name": "Limpieza",
      "status": "pending"
    },
    {
      "name": "Dashboard",
      "status": "pending"
    },
    {
      "name": "Reporte",
      "status": "pending"
    }
  ],
  "metrics": {
    "rows": 12,
    "cols": 10,
    "inferred_types": {
      "fecha": "fecha",
      "cliente": "texto",
      "monto": "numérico",
      "moneda": "texto",
      "categoria": "texto",
      "id_transaccion": "texto",
      "bool_col": "bool",
      "texto": "texto",
      "outlier_col": "numérico",
      "nulos": "texto"
    }
  },
  "artifacts": {
    "reporte_perfilado.html": "runs\\560589f7-68c0-4942-9d0b-61e2a621f026\\artifacts\\reporte_perfilado.html"
  },
  "updated_at": "2025-10-20T01:04:05.575243Z"
}