{
  "id": "47467831-f943-4de2-b7de-c786b3951dfc",
  "filename": "mini.ods",
  "status": "completed",
  "progress": 100,
  "current_step": "Reporte",
  "steps": [
    {
      "name": "Subir archivo",
      "status": "ok"
    },
    {
      "name": "Perfilado",
      "status": "ok"
    },
    {
      "name": "Limpieza",
      "status": "pending"
    },
    {
      "name": "Dashboard",
      "status": "pending"
    },
    {
      "name": "Reporte",
      "status": "pending"
    }
  ],
  "metrics": {
    "rows": 2,
    "cols": 4,
    "inferred_types": {
      "fecha": "fecha",
      "cliente": "texto",
      "monto": "numérico",
      "moneda": "texto"
    }
  },
  "artifacts": {
    "reporte_perfilado.html": "runs\\47467831-f943-4de2-b7de-c786b3951dfc\\artifacts\\reporte_perfilado.html"
  },
  "updated_at": "2025-10-18T23:42:39.727640Z"
}