fecha,cliente,monto,moneda,categoria,id_transaccion,bool_col,texto,outlier_col,nulos
2024-01-01, Acme  ,"1.000,00",CLP,A,TX-0001,Sí,hola  mundo,1000,
01/02/2024,Beta,2.000,CLP,B,TX-0002,No,  con  espacios  ,2000,
2024/03/03,acme,"$3,500.75",USD,A,TX-0003,true,UPPER,3500,
2024-04-04,Gama   ,"4.000,50",EUR,C,TX-0004,false,lower,4000,NaN
05/05/2024,Beta,5000,USD,B,TX-0005,1,café,5000,
2024/06/06,  Acme,"6.000,00",CLP,A,TX-0006,0,mañana,6000,
2024-07-07,Épsilon,"7.000,0",CLP,A,TX-0007,sí,niñez,7000,
08/08/2024,Delta,"8,000.25",USD,D,TX-0008,no,árbol,8000,
2024/09/09,Acme,"9.000,00",CLP,A,TX-0009,True,  emoji 😊  ,9000,
2024-10-10,Beta,10000,USD,B,TX-0010,False,,10000,
11/11/2024,Acme  ,11.000,CLP,A,TX-0011,sí,duplicado key,11000,
2024/12/12,Acme  ,12.000,CLP,A,TX-0011,no,duplicado key,999999,
