{
  "id": "c609c0a5-50b4-4f23-9dc0-f5d02c6e9058",
  "filename": "mini.csv",
  "status": "ok",
  "progress": 100,
  "current_step": "Reporte",
  "steps": [
    {
      "name": "Subir archivo",
      "status": "ok"
    },
    {
      "name": "Perfilado",
      "status": "ok"
    },
    {
      "name": "Limpieza",
      "status": "pending"
    },
    {
      "name": "Dashboard",
      "status": "pending"
    },
    {
      "name": "Reporte",
      "status": "pending"
    }
  ],
  "metrics": {
    "rows": 2,
    "cols": 4
  },
  "artifacts": {
    "reporte_perfilado.html": "runs\\c609c0a5-50b4-4f23-9dc0-f5d02c6e9058\\artifacts\\reporte_perfilado.html"
  },
  "updated_at": "2025-10-10T11:13:46.652065Z"
}