{
  "id": "dac8410b-6d81-4ce0-819c-642914a0a3a1",
  "filename": "qa.csv",
  "status": "completed",
  "progress": 100,
  "current_step": "Reporte",
  "steps": [
    {
      "name": "Subir archivo",
      "status": "ok"
    },
    {
      "name": "Perfilado",
      "status": "ok"
    },
    {
      "name": "Limpieza",
      "status": "pending"
    },
    {
      "name": "Dashboard",
      "status": "pending"
    },
    {
      "name": "Reporte",
      "status": "pending"
    }
  ],
  "metrics": {
    "rows": 2,
    "cols": 3,
    "inferred_types": {
      "fecha": "fecha",
      "monto": "numérico",
      "categoria": "texto"
    }
  },
  "artifacts": {
    "reporte_perfilado.html": "runs\\dac8410b-6d81-4ce0-819c-642914a0a3a1\\artifacts\\reporte_perfilado.html"
  },
  "updated_at": "2025-10-19T17:07:09.957798Z"
}