{
  "id": "88fcaf95-041f-4b9a-bd9f-07501f0210a3",
  "filename": "mini.csv",
  "status": "ok",
  "progress": 100,
  "current_step": "Reporte",
  "steps": [
    {
      "name": "Subir archivo",
      "status": "ok"
    },
    {
      "name": "Perfilado",
      "status": "ok"
    },
    {
      "name": "Limpieza",
      "status": "pending"
    },
    {
      "name": "Dashboard",
      "status": "pending"
    },
    {
      "name": "Reporte",
      "status": "pending"
    }
  ],
  "metrics": {
    "rows": 2,
    "cols": 4
  },
  "artifacts": {
    "reporte_perfilado.html": "runs\\88fcaf95-041f-4b9a-bd9f-07501f0210a3\\artifacts\\reporte_perfilado.html"
  },
  "updated_at": "2025-10-10T10:32:03.378158Z"
}