{
  "id": "a848de1e-cf5d-4e02-901f-6d0fcd818503",
  "filename": "mini.xlsx",
  "status": "ok",
  "progress": 100,
  "current_step": "Reporte",
  "steps": [
    {
      "name": "Subir archivo",
      "status": "ok"
    },
    {
      "name": "Perfilado",
      "status": "ok"
    },
    {
      "name": "Limpieza",
      "status": "pending"
    },
    {
      "name": "Dashboard",
      "status": "pending"
    },
    {
      "name": "Reporte",
      "status": "pending"
    }
  ],
  "metrics": {
    "rows": 2,
    "cols": 4,
    "inferred_types": {
      "fecha": "fecha",
      "cliente": "texto",
      "monto": "numérico",
      "moneda": "texto"
    }
  },
  "artifacts": {
    "reporte_perfilado.html": "runs\\a848de1e-cf5d-4e02-901f-6d0fcd818503\\artifacts\\reporte_perfilado.html"
  },
  "updated_at": "2025-10-18T23:27:30.436346Z"
}