{
  "id": "a17ca39a-2917-4897-b38e-ba1a54530131",
  "filename": "mini.ods",
  "status": "ok",
  "progress": 100,
  "current_step": "Reporte",
  "steps": [
    {
      "name": "Subir archivo",
      "status": "ok"
    },
    {
      "name": "Perfilado",
      "status": "ok"
    },
    {
      "name": "Limpieza",
      "status": "pending"
    },
    {
      "name": "Dashboard",
      "status": "pending"
    },
    {
      "name": "Reporte",
      "status": "pending"
    }
  ],
  "metrics": {
    "rows": 2,
    "cols": 4,
    "inferred_types": {
      "fecha": "fecha",
      "cliente": "texto",
      "monto": "numérico",
      "moneda": "texto"
    }
  },
  "artifacts": {
    "reporte_perfilado.html": "runs\\a17ca39a-2917-4897-b38e-ba1a54530131\\artifacts\\reporte_perfilado.html"
  },
  "updated_at": "2025-10-18T23:33:50.407630Z"
}