{
  "id": "bae60b10-20e0-44b9-92f8-7e01b9f5402f",
  "filename": "mini.csv",
  "status": "ok",
  "progress": 100,
  "current_step": "Reporte",
  "steps": [
    {
      "name": "Subir archivo",
      "status": "ok"
    },
    {
      "name": "Perfilado",
      "status": "ok"
    },
    {
      "name": "Limpieza",
      "status": "pending"
    },
    {
      "name": "Dashboard",
      "status": "pending"
    },
    {
      "name": "Reporte",
      "status": "pending"
    }
  ],
  "metrics": {
    "rows": 2,
    "cols": 4
  },
  "artifacts": {
    "reporte_perfilado.html": "runs\\bae60b10-20e0-44b9-92f8-7e01b9f5402f\\artifacts\\reporte_perfilado.html"
  },
  "updated_at": "2025-10-10T11:57:46.222760Z"
}