{
  "id": "e9e489b3-b033-4ba3-824f-5cc36481145c",
  "filename": "mini.xlsx",
  "status": "ok",
  "progress": 100,
  "current_step": "Reporte",
  "steps": [
    {
      "name": "Subir archivo",
      "status": "ok"
    },
    {
      "name": "Perfilado",
      "status": "ok"
    },
    {
      "name": "Limpieza",
      "status": "pending"
    },
    {
      "name": "Dashboard",
      "status": "pending"
    },
    {
      "name": "Reporte",
      "status": "pending"
    }
  ],
  "metrics": {
    "rows": 2,
    "cols": 4,
    "inferred_types": {
      "fecha": "fecha",
      "cliente": "texto",
      "monto": "numérico",
      "moneda": "texto"
    }
  },
  "artifacts": {
    "reporte_perfilado.html": "runs\\e9e489b3-b033-4ba3-824f-5cc36481145c\\artifacts\\reporte_perfilado.html"
  },
  "updated_at": "2025-10-18T23:33:50.328360Z"
}