{
  "id": "4aaacc71-e7ef-40da-88d1-16a7b4e187d8",
  "filename": "qa.csv",
  "status": "completed",
  "progress": 100,
  "current_step": "Reporte",
  "steps": [
    {
      "name": "Subir archivo",
      "status": "ok"
    },
    {
      "name": "Perfilado",
      "status": "ok"
    },
    {
      "name": "Limpieza",
      "status": "pending"
    },
    {
      "name": "Dashboard",
      "status": "pending"
    },
    {
      "name": "Reporte",
      "status": "pending"
    }
  ],
  "metrics": {
    "rows": 2,
    "cols": 3,
    "inferred_types": {
      "fecha": "fecha",
      "monto": "numérico",
      "categoria": "texto"
    }
  },
  "artifacts": {
    "reporte_perfilado.html": "runs\\4aaacc71-e7ef-40da-88d1-16a7b4e187d8\\artifacts\\reporte_perfilado.html"
  },
  "updated_at": "2025-10-19T17:13:17.280431Z"
}