{
  "id": "36eb8622-fb7d-4b57-8462-470119ec689a",
  "filename": "mini.csv",
  "status": "ok",
  "progress": 100,
  "current_step": "Reporte",
  "steps": [
    {
      "name": "Subir archivo",
      "status": "ok"
    },
    {
      "name": "Perfilado",
      "status": "ok"
    },
    {
      "name": "Limpieza",
      "status": "pending"
    },
    {
      "name": "Dashboard",
      "status": "pending"
    },
    {
      "name": "Reporte",
      "status": "pending"
    }
  ],
  "metrics": {
    "rows": 2,
    "cols": 4,
    "inferred_types": {
      "fecha": "fecha",
      "cliente": "texto",
      "monto": "numérico",
      "moneda": "texto"
    }
  },
  "artifacts": {
    "reporte_perfilado.html": "runs\\36eb8622-fb7d-4b57-8462-470119ec689a\\artifacts\\reporte_perfilado.html"
  },
  "updated_at": "2025-10-18T22:43:19.108113Z"
}