{
  "id": "842ca916-d3ee-43f4-9b49-3912406ec242",
  "filename": "mini.csv",
  "status": "ok",
  "progress": 100,
  "current_step": "Reporte",
  "steps": [
    {
      "name": "Subir archivo",
      "status": "ok"
    },
    {
      "name": "Perfilado",
      "status": "ok"
    },
    {
      "name": "Limpieza",
      "status": "pending"
    },
    {
      "name": "Dashboard",
      "status": "pending"
    },
    {
      "name": "Reporte",
      "status": "pending"
    }
  ],
  "metrics": {
    "rows": 2,
    "cols": 4
  },
  "artifacts": {
    "reporte_perfilado.html": "runs\\842ca916-d3ee-43f4-9b49-3912406ec242\\artifacts\\reporte_perfilado.html"
  },
  "updated_at": "2025-10-10T11:54:54.732574Z"
}