{
  "id": "a05baa95-6dd0-430f-b7c1-9c87395c5dc3",
  "filename": "mini.csv",
  "status": "ok",
  "progress": 100,
  "current_step": "Reporte",
  "steps": [
    {
      "name": "Subir archivo",
      "status": "ok"
    },
    {
      "name": "Perfilado",
      "status": "ok"
    },
    {
      "name": "Limpieza",
      "status": "pending"
    },
    {
      "name": "Dashboard",
      "status": "pending"
    },
    {
      "name": "Reporte",
      "status": "pending"
    }
  ],
  "metrics": {
    "rows": 2,
    "cols": 4,
    "inferred_types": {
      "fecha": "fecha",
      "cliente": "texto",
      "monto": "numérico",
      "moneda": "texto"
    }
  },
  "artifacts": {
    "reporte_perfilado.html": "runs\\a05baa95-6dd0-430f-b7c1-9c87395c5dc3\\artifacts\\reporte_perfilado.html"
  },
  "updated_at": "2025-10-18T23:27:19.794472Z"
}