{
  "id": "48ad3e30-dac0-4306-9e7a-7fbc22c83fc7",
  "filename": "qa.csv",
  "status": "completed",
  "progress": 100,
  "current_step": "Reporte",
  "steps": [
    {
      "name": "Subir archivo",
      "status": "ok"
    },
    {
      "name": "Perfilado",
      "status": "ok"
    },
    {
      "name": "Limpieza",
      "status": "pending"
    },
    {
      "name": "Dashboard",
      "status": "pending"
    },
    {
      "name": "Reporte",
      "status": "pending"
    }
  ],
  "metrics": {
    "rows": 2,
    "cols": 3,
    "inferred_types": {
      "fecha": "fecha",
      "monto": "numérico",
      "categoria": "texto"
    }
  },
  "artifacts": {
    "reporte_perfilado.html": "runs\\48ad3e30-dac0-4306-9e7a-7fbc22c83fc7\\artifacts\\reporte_perfilado.html"
  },
  "updated_at": "2025-10-19T17:07:55.203422Z"
}