{
  "id": "f36c206d-2a61-4ca7-baf1-8882822705b9",
  "filename": "HRDataset.xlsx",
  "status": "ok",
  "progress": 100,
  "current_step": "Reporte",
  "steps": [
    {
      "name": "Subir archivo",
      "status": "ok"
    },
    {
      "name": "Perfilado",
      "status": "ok"
    },
    {
      "name": "Limpieza",
      "status": "pending"
    },
    {
      "name": "Dashboard",
      "status": "pending"
    },
    {
      "name": "Reporte",
      "status": "pending"
    }
  ],
  "metrics": {
    "rows": 311,
    "cols": 37
  },
  "artifacts": {
    "reporte_perfilado.html": "runs\\f36c206d-2a61-4ca7-baf1-8882822705b9\\artifacts\\reporte_perfilado.html"
  },
  "updated_at": "2025-10-10T12:13:54.715490Z"
}