{
  "id": "8460fa1d-b072-40d5-9a49-f728f3b4143b",
  "filename": "mini.csv",
  "status": "ok",
  "progress": 100,
  "current_step": "Reporte",
  "steps": [
    {
      "name": "Subir archivo",
      "status": "ok"
    },
    {
      "name": "Perfilado",
      "status": "ok"
    },
    {
      "name": "Limpieza",
      "status": "pending"
    },
    {
      "name": "Dashboard",
      "status": "pending"
    },
    {
      "name": "Reporte",
      "status": "pending"
    }
  ],
  "metrics": {
    "rows": 2,
    "cols": 4
  },
  "artifacts": {
    "reporte_perfilado.html": "runs\\8460fa1d-b072-40d5-9a49-f728f3b4143b\\artifacts\\reporte_perfilado.html"
  },
  "updated_at": "2025-10-10T11:01:43.843271Z"
}