{
  "id": "a790f98b-9eb9-492e-b81f-22e759609bf0",
  "filename": "qa.csv",
  "status": "completed",
  "progress": 100,
  "current_step": "Reporte",
  "steps": [
    {
      "name": "Subir archivo",
      "status": "ok"
    },
    {
      "name": "Perfilado",
      "status": "ok"
    },
    {
      "name": "Limpieza",
      "status": "pending"
    },
    {
      "name": "Dashboard",
      "status": "pending"
    },
    {
      "name": "Reporte",
      "status": "pending"
    }
  ],
  "metrics": {
    "rows": 2,
    "cols": 3,
    "inferred_types": {
      "fecha": "fecha",
      "monto": "numérico",
      "categoria": "texto"
    }
  },
  "artifacts": {
    "reporte_perfilado.html": "runs\\a790f98b-9eb9-492e-b81f-22e759609bf0\\artifacts\\reporte_perfilado.html"
  },
  "updated_at": "2025-10-19T17:01:41.003722Z"
}