{
  "id": "5b3101bc-224f-4866-80e0-199f98a03d13",
  "filename": "qa.csv",
  "status": "completed",
  "progress": 100,
  "current_step": "Reporte",
  "steps": [
    {
      "name": "Subir archivo",
      "status": "ok"
    },
    {
      "name": "Perfilado",
      "status": "ok"
    },
    {
      "name": "Limpieza",
      "status": "pending"
    },
    {
      "name": "Dashboard",
      "status": "pending"
    },
    {
      "name": "Reporte",
      "status": "pending"
    }
  ],
  "metrics": {
    "rows": 2,
    "cols": 3,
    "inferred_types": {
      "fecha": "fecha",
      "monto": "numérico",
      "categoria": "texto"
    }
  },
  "artifacts": {
    "reporte_perfilado.html": "runs\\5b3101bc-224f-4866-80e0-199f98a03d13\\artifacts\\reporte_perfilado.html"
  },
  "updated_at": "2025-10-19T17:02:09.026553Z"
}