{
  "id": "1e651d68-fbc7-404a-93da-9dc1df7d84ab",
  "filename": "mini.csv",
  "status": "ok",
  "progress": 100,
  "current_step": "Reporte",
  "steps": [
    {
      "name": "Subir archivo",
      "status": "ok"
    },
    {
      "name": "Perfilado",
      "status": "ok"
    },
    {
      "name": "Limpieza",
      "status": "pending"
    },
    {
      "name": "Dashboard",
      "status": "pending"
    },
    {
      "name": "Reporte",
      "status": "pending"
    }
  ],
  "metrics": {
    "rows": 2,
    "cols": 4
  },
  "artifacts": {
    "reporte_perfilado.html": "runs\\1e651d68-fbc7-404a-93da-9dc1df7d84ab\\artifacts\\reporte_perfilado.html"
  },
  "updated_at": "2025-10-10T12:15:29.727227Z"
}