{
  "id": "7e84edfb-2057-4bad-8da1-207c05d284ed",
  "filename": "mini.ods",
  "status": "ok",
  "progress": 100,
  "current_step": "Reporte",
  "steps": [
    {
      "name": "Subir archivo",
      "status": "ok"
    },
    {
      "name": "Perfilado",
      "status": "ok"
    },
    {
      "name": "Limpieza",
      "status": "pending"
    },
    {
      "name": "Dashboard",
      "status": "pending"
    },
    {
      "name": "Reporte",
      "status": "pending"
    }
  ],
  "metrics": {
    "rows": 0,
    "cols": 0,
    "inferred_types": {}
  },
  "artifacts": {
    "reporte_perfilado.html": "runs\\7e84edfb-2057-4bad-8da1-207c05d284ed\\artifacts\\reporte_perfilado.html"
  },
  "updated_at": "2025-10-18T23:27:40.624010Z"
}