{
  "id": "05a1b82f-05e1-413f-9eb8-97197720af03",
  "filename": "mini.csv",
  "status": "ok",
  "progress": 100,
  "current_step": "Reporte",
  "steps": [
    {
      "name": "Subir archivo",
      "status": "ok"
    },
    {
      "name": "Perfilado",
      "status": "ok"
    },
    {
      "name": "Limpieza",
      "status": "pending"
    },
    {
      "name": "Dashboard",
      "status": "pending"
    },
    {
      "name": "Reporte",
      "status": "pending"
    }
  ],
  "metrics": {
    "rows": 2,
    "cols": 4
  },
  "artifacts": {
    "reporte_perfilado.html": "runs\\05a1b82f-05e1-413f-9eb8-97197720af03\\artifacts\\reporte_perfilado.html"
  },
  "updated_at": "2025-10-10T11:02:00.636125Z"
}